{
    "avg_prec": 0.5325162867864254,
    "roc_auc": 0.9106964878520005
}
